weekday,hour,c-ip,count
Fri,00,10.161.38.190,347
Fri,00,10.161.54.255,96
Fri,00,172.26.244.11,1
Fri,00,172.31.124.1,419
Fri,00,172.31.69.1,16
Fri,00,172.31.74.120,40
Fri,01,10.161.38.190,24
Fri,01,10.161.54.255,96
Fri,01,172.31.124.1,207
Fri,01,172.31.80.8,10
Fri,02,10.161.32.87,4000
Fri,02,10.161.38.190,72
Fri,02,10.161.54.255,100
Fri,02,10.168.56.49,996
Fri,02,172.31.124.1,776
Fri,02,172.31.80.8,112
Fri,03,10.161.32.87,4762
Fri,03,10.161.54.255,107
Fri,03,10.168.56.49,1200
Fri,03,172.31.124.1,22
Fri,03,172.31.80.8,2
Fri,04,-,60
Fri,04,10.161.32.87,4773
Fri,04,10.161.38.190,40
Fri,04,10.161.46.152,686
Fri,04,10.161.54.255,133
Fri,04,10.168.56.49,1200
Fri,04,172.31.74.28,4
Fri,05,10.161.32.87,4783
Fri,05,10.161.38.190,12
Fri,05,10.161.54.255,125
Fri,05,10.168.56.49,1200
Fri,05,10.169.60.142,12
Fri,05,172.30.4.122,16
Fri,05,172.31.124.1,4
Fri,05,172.31.74.120,112
Fri,06,10.161.32.87,4771
Fri,06,10.161.46.152,12
Fri,06,10.161.54.255,125
Fri,06,10.168.56.49,1240
Fri,06,172.28.85.21,4
Fri,06,172.30.4.122,4
Fri,06,172.31.124.1,8
Fri,06,172.31.74.120,40
Fri,07,10.161.32.87,4580
Fri,07,10.161.38.190,12
Fri,07,10.161.46.152,4
Fri,07,10.161.54.255,149
Fri,07,10.168.56.49,1200
Fri,07,172.28.83.113,9
Fri,07,172.28.85.145,4
Fri,07,172.31.124.1,28
Fri,08,10.161.32.87,4385
Fri,08,10.161.38.190,32
Fri,08,10.161.46.152,12
Fri,08,10.161.54.255,456
Fri,08,10.168.56.49,1204
Fri,08,172.30.5.36,3
Fri,08,172.31.124.1,20
Fri,08,172.31.74.120,4
Fri,09,10.1.16.100,8
Fri,09,10.161.32.87,4546
Fri,09,10.161.38.190,60
Fri,09,10.161.46.152,40
Fri,09,10.161.54.255,456
Fri,09,10.168.56.49,1172
Fri,09,172.30.5.36,2
Fri,09,172.31.124.1,32
Fri,09,172.31.74.120,24
Fri,10,-,20
Fri,10,10.161.32.87,3755
Fri,10,10.161.38.190,121
Fri,10,10.161.46.152,88
Fri,10,10.161.54.255,393
Fri,10,10.168.56.49,887
Fri,10,172.31.124.1,243
Fri,10,172.31.74.120,320
Fri,11,10.1.16.100,12
Fri,11,10.161.32.87,4660
Fri,11,10.161.38.190,52
Fri,11,10.161.46.152,39
Fri,11,10.161.54.255,429
Fri,11,10.168.56.49,1121
Fri,11,172.28.69.82,4
Fri,11,172.30.5.36,2
Fri,11,172.31.124.1,100
Fri,11,172.31.74.120,208
Fri,12,-,51
Fri,12,10.161.32.87,3914
Fri,12,10.161.38.190,214
Fri,12,10.161.46.152,297
Fri,12,10.161.54.255,168
Fri,12,10.168.56.49,926
Fri,12,172.30.5.129,2
Fri,12,172.30.5.171,2
Fri,12,172.31.124.1,347
Fri,12,172.31.124.31,1
Fri,12,172.31.74.120,544
Fri,12,172.31.80.8,80
Fri,12,172.31.82.35,4
Fri,13,10.1.16.100,4
Fri,13,10.161.32.87,4129
Fri,13,10.161.38.190,186
Fri,13,10.161.46.152,48
Fri,13,10.161.54.255,476
Fri,13,10.168.56.49,1143
Fri,13,172.30.5.129,1
Fri,13,172.30.5.134,2
Fri,13,172.31.124.1,128
Fri,13,172.31.69.1,32
Fri,13,172.31.74.120,188
Fri,14,10.161.32.87,4163
Fri,14,10.161.38.190,131
Fri,14,10.161.46.152,64
Fri,14,10.161.54.255,582
Fri,14,10.168.56.49,1030
Fri,14,172.30.5.129,2
Fri,14,172.30.5.214,3
Fri,14,172.30.5.40,1
Fri,14,172.31.124.1,200
Fri,14,172.31.74.120,148
Fri,15,10.1.16.100,8
Fri,15,10.161.32.87,4216
Fri,15,10.161.38.190,48
Fri,15,10.161.46.152,17
Fri,15,10.161.54.255,523
Fri,15,10.168.56.49,1096
Fri,15,172.31.124.1,174
Fri,15,172.31.74.120,260
Fri,16,10.161.32.87,4710
Fri,16,10.161.38.190,44
Fri,16,10.161.46.152,35
Fri,16,10.161.54.255,446
Fri,16,10.168.56.49,1200
Fri,16,172.31.124.1,51
Fri,16,172.31.74.120,48
Fri,17,10.161.32.87,4639
Fri,17,10.161.38.190,81
Fri,17,10.161.54.255,287
Fri,17,10.168.56.49,1240
Fri,17,172.30.5.67,3
Fri,17,172.31.124.1,72
Fri,17,172.31.124.31,3
Fri,17,172.31.74.120,24
Fri,18,10.161.32.87,4642
Fri,18,10.161.38.190,88
Fri,18,10.161.46.152,70
Fri,18,10.161.54.255,278
Fri,18,10.168.56.49,630
Fri,18,172.31.124.1,4
Fri,18,172.31.74.120,76
Fri,19,-,28
Fri,19,10.161.32.87,4062
Fri,19,10.161.38.190,230
Fri,19,10.161.46.152,150
Fri,19,10.161.54.255,170
Fri,19,10.168.56.49,278
Fri,19,172.29.80.7,32
Fri,19,172.30.4.122,4
Fri,19,172.31.124.1,300
Fri,19,172.31.74.120,376
Fri,20,-,16
Fri,20,10.161.32.87,4402
Fri,20,10.161.38.190,8
Fri,20,10.161.46.152,175
Fri,20,10.161.54.255,145
Fri,20,10.168.56.49,1103
Fri,20,172.31.124.1,239
Fri,20,172.31.74.120,48
Fri,20,172.31.80.8,104
Fri,21,-,10
Fri,21,10.161.32.87,4704
Fri,21,10.161.46.152,212
Fri,21,10.161.54.255,126
Fri,21,10.168.56.49,1208
Fri,21,172.28.92.63,4
Fri,21,172.30.5.189,3
Fri,21,172.31.124.1,178
Fri,21,172.31.124.31,6
Fri,21,172.31.74.120,276
Fri,21,172.31.74.28,4
Fri,21,172.31.82.35,4
Fri,22,-,19
Fri,22,10.161.32.87,435
Fri,22,10.161.38.190,89
Fri,22,10.161.46.152,85
Fri,22,10.161.54.255,100
Fri,22,172.29.80.7,4
Fri,22,172.31.124.1,169
Fri,22,172.31.124.31,2
Fri,22,172.31.74.120,311
Fri,23,-,8
Fri,23,10.161.38.190,382
Fri,23,10.161.46.152,42
Fri,23,10.161.54.255,44
Fri,23,172.31.124.1,63
Fri,23,172.31.74.120,324
Mon,00,10.161.38.190,50
Mon,00,10.161.54.255,73
Mon,00,172.31.69.1,16
Mon,01,10.161.38.190,18
Mon,01,10.161.54.255,72
Mon,02,10.161.32.87,4630
Mon,02,10.161.38.190,30
Mon,02,10.161.54.255,76
Mon,02,10.168.56.49,1204
Mon,03,10.161.32.87,4745
Mon,03,10.161.46.152,1
Mon,03,10.161.54.255,72
Mon,03,10.168.56.49,1195
Mon,04,10.161.32.87,4771
Mon,04,10.161.38.190,20
Mon,04,10.161.46.152,19
Mon,04,10.161.54.255,80
Mon,04,10.168.56.49,1187
Mon,05,10.161.32.87,4715
Mon,05,10.161.38.190,6
Mon,05,10.161.54.255,101
Mon,05,10.168.56.49,1195
Mon,05,10.169.60.142,6
Mon,06,10.161.32.87,4769
Mon,06,10.161.46.152,5
Mon,06,10.161.54.255,87
Mon,06,10.168.56.49,1219
Mon,06,172.28.85.21,3
Mon,07,10.161.32.87,4597
Mon,07,10.161.38.190,6
Mon,07,10.161.46.152,4
Mon,07,10.161.54.255,105
Mon,07,10.168.56.49,1178
Mon,07,172.28.83.113,6
Mon,07,172.28.85.145,3
Mon,07,172.31.124.1,14
Mon,08,10.161.32.87,4622
Mon,08,10.161.38.190,20
Mon,08,10.161.46.152,3
Mon,08,10.161.54.255,245
Mon,08,10.168.56.49,1176
Mon,08,172.31.124.1,10
Mon,08,172.31.74.120,4
Mon,09,10.1.16.100,8
Mon,09,10.161.32.87,4658
Mon,09,10.161.38.190,34
Mon,09,10.161.46.152,32
Mon,09,10.161.54.255,270
Mon,09,10.168.56.49,1194
Mon,09,172.30.5.36,1
Mon,09,172.30.5.67,1
Mon,09,172.31.124.1,16
Mon,09,172.31.74.120,12
Mon,10,-,10
Mon,10,10.161.32.87,4227
Mon,10,10.161.38.190,65
Mon,10,10.161.46.152,48
Mon,10,10.161.54.255,263
Mon,10,10.168.56.49,1071
Mon,10,172.30.5.67,1
Mon,10,172.31.124.1,120
Mon,10,172.31.74.120,160
Mon,11,10.1.16.100,12
Mon,11,10.161.32.87,4694
Mon,11,10.161.38.190,30
Mon,11,10.161.46.152,27
Mon,11,10.161.54.255,257
Mon,11,10.168.56.49,1200
Mon,11,172.28.69.82,2
Mon,11,172.31.124.1,50
Mon,11,172.31.74.120,104
Mon,12,-,23
Mon,12,10.161.32.87,4362
Mon,12,10.161.38.190,104
Mon,12,10.161.46.152,166
Mon,12,10.161.54.255,133
Mon,12,10.168.56.49,1058
Mon,12,172.31.124.1,174
Mon,12,172.31.74.120,272
Mon,12,172.31.80.8,40
Mon,12,172.31.82.35,2
Mon,13,10.1.16.100,4
Mon,13,10.161.32.87,4406
Mon,13,10.161.38.190,86
Mon,13,10.161.46.152,31
Mon,13,10.161.54.255,291
Mon,13,10.168.56.49,1174
Mon,13,172.30.5.67,1
Mon,13,172.31.124.1,64
Mon,13,172.31.69.1,8
Mon,13,172.31.74.120,94
Mon,14,10.161.32.87,4460
Mon,14,10.161.38.190,54
Mon,14,10.161.46.152,30
Mon,14,10.161.54.255,331
Mon,14,10.168.56.49,1132
Mon,14,172.31.124.1,100
Mon,14,172.31.69.1,8
Mon,14,172.31.74.120,74
Mon,15,10.1.16.100,8
Mon,15,10.161.32.87,4509
Mon,15,10.161.38.190,18
Mon,15,10.161.46.152,32
Mon,15,10.161.54.255,259
Mon,15,10.168.56.49,1115
Mon,15,172.31.124.1,86
Mon,15,172.31.74.120,130
Mon,16,10.161.32.87,4721
Mon,16,10.161.38.190,16
Mon,16,10.161.46.152,32
Mon,16,10.161.54.255,312
Mon,16,10.168.56.49,1198
Mon,16,172.31.124.1,24
Mon,16,172.31.74.120,24
Mon,17,10.161.32.87,4728
Mon,17,10.161.38.190,34
Mon,17,10.161.54.255,262
Mon,17,10.168.56.49,1204
Mon,17,172.28.92.63,1
Mon,17,172.31.124.1,36
Mon,17,172.31.74.120,12
Mon,18,10.161.32.87,4720
Mon,18,10.161.38.190,68
Mon,18,10.161.46.152,92
Mon,18,10.161.54.255,183
Mon,18,10.168.56.49,626
Mon,18,172.28.92.63,1
Mon,18,172.31.124.1,2
Mon,18,172.31.74.120,38
Mon,19,-,11
Mon,19,10.161.32.87,4352
Mon,19,10.161.38.190,113
Mon,19,10.161.46.152,80
Mon,19,10.161.54.255,147
Mon,19,10.168.56.49,380
Mon,19,172.29.80.7,22
Mon,19,172.30.4.122,2
Mon,19,172.31.124.1,149
Mon,19,172.31.74.120,188
Mon,20,-,11
Mon,20,10.161.32.87,4582
Mon,20,10.161.38.190,6
Mon,20,10.161.46.152,102
Mon,20,10.161.54.255,142
Mon,20,10.168.56.49,1152
Mon,20,172.31.124.1,117
Mon,20,172.31.74.120,24
Mon,20,172.31.80.8,52
Mon,21,-,10
Mon,21,10.161.32.87,4763
Mon,21,10.161.46.152,122
Mon,21,10.161.54.255,124
Mon,21,10.168.56.49,1204
Mon,21,172.28.92.63,1
Mon,21,172.30.5.189,1
Mon,21,172.31.124.1,98
Mon,21,172.31.124.31,4
Mon,21,172.31.74.120,130
Mon,21,172.31.74.28,2
Mon,21,172.31.82.35,2
Mon,22,-,14
Mon,22,10.161.32.87,89
Mon,22,10.161.38.190,29
Mon,22,10.161.46.152,52
Mon,22,10.161.54.255,101
Mon,22,172.29.80.7,2
Mon,22,172.31.124.1,74
Mon,22,172.31.74.120,150
Mon,23,-,2
Mon,23,10.161.38.190,237
Mon,23,10.161.46.152,24
Mon,23,10.161.54.255,44
Mon,23,172.31.124.1,30
Mon,23,172.31.74.120,162
Sat,00,10.161.38.190,172
Sat,00,10.161.54.255,96
Sat,00,172.31.124.1,420
Sat,00,172.31.69.1,16
Sat,00,172.31.74.120,40
Sat,01,10.161.38.190,16
Sat,01,10.161.54.255,96
Sat,01,172.31.124.1,202
Sat,01,172.31.80.8,10
Sat,02,10.161.32.87,3917
Sat,02,10.161.38.190,44
Sat,02,10.161.54.255,100
Sat,02,10.168.56.49,976
Sat,02,172.31.124.1,789
Sat,02,172.31.80.8,110
Sat,03,10.161.32.87,4795
Sat,03,10.161.54.255,101
Sat,03,10.168.56.49,1200
Sat,03,172.31.124.1,25
Sat,03,172.31.80.8,4
Sat,04,-,59
Sat,04,10.161.32.87,4766
Sat,04,10.161.46.152,698
Sat,04,10.161.54.255,125
Sat,04,10.168.56.49,1200
Sat,04,172.31.74.28,4
Sat,05,10.161.32.87,4661
Sat,05,10.161.54.255,120
Sat,05,10.168.56.49,1200
Sat,05,172.30.4.122,16
Sat,05,172.31.124.1,4
Sat,05,172.31.74.120,112
Sat,06,10.161.32.87,4745
Sat,06,10.161.46.152,12
Sat,06,10.161.54.255,112
Sat,06,10.168.56.49,1200
Sat,06,172.28.85.21,4
Sat,06,172.28.92.63,1
Sat,06,172.30.4.122,4
Sat,06,172.31.124.1,8
Sat,06,172.31.74.120,40
Sat,07,10.161.32.87,4714
Sat,07,10.161.46.152,4
Sat,07,10.161.54.255,127
Sat,07,10.168.56.49,1200
Sat,07,172.28.85.145,4
Sat,08,-,1
Sat,08,10.161.32.87,4725
Sat,08,10.161.38.190,43
Sat,08,10.161.46.152,12
Sat,08,10.161.54.255,179
Sat,08,10.168.56.49,1200
Sat,08,172.30.5.67,1
Sat,08,172.31.124.1,4
Sat,08,172.31.74.120,4
Sat,09,10.1.16.100,8
Sat,09,10.161.32.87,4695
Sat,09,10.161.38.190,19
Sat,09,10.161.46.152,24
Sat,09,10.161.54.255,246
Sat,09,10.168.56.49,1200
Sat,09,172.30.5.67,2
Sat,09,172.30.6.96,1
Sat,09,172.31.124.1,17
Sat,09,172.31.124.31,2
Sat,09,172.31.74.120,12
Sat,10,10.161.32.87,4594
Sat,10,10.161.38.190,19
Sat,10,10.161.46.152,12
Sat,10,10.161.54.255,179
Sat,10,10.168.56.49,1169
Sat,10,172.31.124.1,9
Sat,10,172.31.74.120,6
Sat,11,10.1.16.100,12
Sat,11,10.161.32.87,4713
Sat,11,10.161.38.190,19
Sat,11,10.161.46.152,16
Sat,11,10.161.54.255,238
Sat,11,10.168.56.49,1198
Sat,11,172.31.124.1,9
Sat,11,172.31.74.120,63
Sat,12,10.161.32.87,4607
Sat,12,10.161.38.190,19
Sat,12,10.161.46.152,59
Sat,12,10.161.54.255,120
Sat,12,10.168.56.49,1169
Sat,12,172.31.124.1,54
Sat,12,172.31.80.8,54
Sat,12,172.31.82.35,1
Sat,13,10.1.16.100,4
Sat,13,10.161.32.87,4564
Sat,13,10.161.38.190,37
Sat,13,10.161.46.152,15
Sat,13,10.161.54.255,169
Sat,13,10.168.56.49,1200
Sat,13,172.31.124.1,24
Sat,13,172.31.74.120,30
Sat,14,10.161.32.87,4721
Sat,14,10.161.38.190,34
Sat,14,10.161.46.152,16
Sat,14,10.161.54.255,164
Sat,14,10.168.56.49,1200
Sat,14,172.31.124.1,21
Sat,14,172.31.74.120,18
Sat,15,10.1.16.100,8
Sat,15,10.161.32.87,4748
Sat,15,10.161.38.190,19
Sat,15,10.161.46.152,8
Sat,15,10.161.54.255,168
Sat,15,10.168.56.49,1200
Sat,15,172.31.124.1,30
Sat,15,172.31.74.120,48
Sat,16,10.161.32.87,4646
Sat,16,10.161.38.190,19
Sat,16,10.161.46.152,28
Sat,16,10.161.54.255,250
Sat,16,10.168.56.49,1200
Sat,16,172.30.4.122,3
Sat,16,172.31.124.1,3
Sat,16,172.31.74.120,18
Sat,17,10.161.32.87,4705
Sat,17,10.161.38.190,19
Sat,17,10.161.54.255,153
Sat,17,10.168.56.49,1200
Sat,17,172.28.92.63,1
Sat,17,172.31.124.1,95
Sat,18,10.161.32.87,4792
Sat,18,10.161.38.190,64
Sat,18,10.161.46.152,26
Sat,18,10.161.54.255,112
Sat,18,10.168.56.49,640
Sat,19,-,7
Sat,19,10.161.32.87,4733
Sat,19,10.161.38.190,32
Sat,19,10.161.46.152,68
Sat,19,10.161.54.255,116
Sat,19,10.168.56.49,480
Sat,19,172.29.80.7,12
Sat,19,172.31.124.1,69
Sat,19,172.31.74.120,15
Sat,19,172.31.80.8,78
Sat,20,-,1
Sat,20,10.161.32.87,4666
Sat,20,10.161.38.190,7
Sat,20,10.161.46.152,16
Sat,20,10.161.54.255,112
Sat,20,10.168.56.49,1200
Sat,20,172.31.124.1,22
Sat,20,172.31.74.120,186
Sat,21,-,1
Sat,21,10.161.32.87,4795
Sat,21,10.161.46.152,27
Sat,21,10.161.54.255,98
Sat,21,10.168.56.49,1200
Sat,21,172.28.92.63,1
Sat,21,172.31.124.1,16
Sat,21,172.31.74.120,30
Sat,21,172.31.74.28,1
Sat,22,-,12
Sat,22,10.161.32.87,349
Sat,22,10.161.38.190,99
Sat,22,10.161.46.152,47
Sat,22,10.161.54.255,76
Sat,22,172.31.124.1,81
Sat,22,172.31.74.120,280
Sat,23,-,5
Sat,23,10.161.38.190,223
Sat,23,10.161.46.152,38
Sat,23,10.161.54.255,34
Sat,23,172.31.124.1,18
Sat,23,172.31.74.120,100
Sun,00,10.161.38.190,92
Sun,00,172.31.124.1,281
Sun,00,172.31.69.1,16
Sun,00,172.31.74.120,30
Sun,01,172.31.124.1,138
Sun,01,172.31.80.8,80
Sun,02,10.161.32.87,4173
Sun,02,10.161.54.255,4
Sun,02,10.168.56.49,1031
Sun,02,172.31.124.1,10
Sun,02,172.31.80.8,10
Sun,03,10.161.32.87,4731
Sun,03,10.168.56.49,1200
Sun,03,172.31.124.1,12
Sun,04,-,9
Sun,04,10.161.32.87,4781
Sun,04,10.161.46.152,258
Sun,04,10.161.54.255,8
Sun,04,10.168.56.49,1200
Sun,05,10.161.32.87,4713
Sun,05,10.161.54.255,16
Sun,05,10.168.56.49,1200
Sun,05,172.30.4.122,12
Sun,05,172.31.124.1,3
Sun,05,172.31.74.120,84
Sun,06,10.161.32.87,4799
Sun,06,10.161.46.152,11
Sun,06,10.161.54.255,8
Sun,06,10.168.56.49,1199
Sun,06,172.28.85.21,3
Sun,06,172.30.4.122,3
Sun,06,172.31.74.120,30
Sun,07,10.161.32.87,136
Sun,07,10.161.46.152,4
Sun,07,10.161.54.255,4
Sun,07,10.168.56.49,32
Sun,07,172.28.85.145,3
Sun,08,10.161.46.152,4
Sun,08,10.161.54.255,4
Sun,08,172.31.74.120,4
Sun,09,10.1.16.100,8
Sun,09,10.161.32.87,4
Sun,09,10.161.46.152,24
Sun,09,10.161.54.255,8
Sun,10,10.161.46.152,12
Sun,11,10.1.16.100,12
Sun,11,10.161.46.152,16
Sun,12,10.161.32.87,5
Sun,12,10.161.46.152,28
Sun,13,10.1.16.100,4
Sun,13,10.161.46.152,20
Sun,14,10.161.46.152,12
Sun,14,10.161.54.255,2
Sun,15,10.1.16.100,8
Sun,15,10.161.32.87,4
Sun,15,10.161.46.152,8
Sun,15,10.161.54.255,4
Sun,16,10.161.46.152,28
Sun,16,10.161.54.255,3
Sun,18,10.161.32.87,4540
Sun,18,10.161.46.152,4
Sun,18,10.168.56.49,1196
Sun,19,10.161.32.87,4794
Sun,19,10.161.46.152,12
Sun,19,10.161.54.255,6
Sun,19,10.168.56.49,1197
Sun,20,10.161.32.87,4732
Sun,20,10.161.38.190,4
Sun,20,10.161.46.152,13
Sun,20,10.168.56.49,1193
Sun,21,10.161.32.87,4728
Sun,21,10.161.46.152,16
Sun,21,10.168.56.49,1196
Sun,22,10.161.32.87,140
Sun,22,10.161.46.152,11
Sun,22,10.168.56.49,138
Sun,23,10.161.46.152,12
Thu,00,10.161.38.190,185
Thu,00,10.161.54.255,97
Thu,00,172.26.241.179,1
Thu,00,172.26.244.11,2
Thu,00,172.29.80.7,1
Thu,00,172.31.124.1,449
Thu,00,172.31.69.1,16
Thu,00,172.31.74.120,124
Thu,01,10.161.38.190,25
Thu,01,10.161.54.255,96
Thu,01,172.31.124.1,192
Thu,01,172.31.80.8,18
Thu,02,10.161.32.87,3984
Thu,02,10.161.38.190,71
Thu,02,10.161.54.255,102
Thu,02,10.168.56.49,996
Thu,02,172.31.124.1,786
Thu,02,172.31.80.8,102
Thu,03,10.161.32.87,4772
Thu,03,10.161.54.255,104
Thu,03,10.168.56.49,1200
Thu,03,172.31.124.1,19
Thu,03,172.31.80.8,14
Thu,04,-,58
Thu,04,10.161.32.87,4773
Thu,04,10.161.38.190,40
Thu,04,10.161.46.152,700
Thu,04,10.161.54.255,137
Thu,04,10.168.56.49,1200
Thu,04,172.31.124.1,3
Thu,04,172.31.74.28,4
Thu,04,172.31.80.8,2
Thu,05,10.161.32.87,4789
Thu,05,10.161.38.190,12
Thu,05,10.161.54.255,126
Thu,05,10.168.56.49,1200
Thu,05,10.169.60.142,12
Thu,05,172.30.4.122,16
Thu,05,172.31.124.1,4
Thu,05,172.31.74.120,112
Thu,06,10.161.32.87,4805
Thu,06,10.161.46.152,14
Thu,06,10.161.54.255,119
Thu,06,10.168.56.49,1240
Thu,06,172.26.244.11,4
Thu,06,172.28.85.21,8
Thu,06,172.30.4.122,4
Thu,06,172.31.124.1,8
Thu,06,172.31.74.120,40
Thu,07,10.161.32.87,4537
Thu,07,10.161.38.190,12
Thu,07,10.161.46.152,5
Thu,07,10.161.54.255,142
Thu,07,10.168.56.49,1200
Thu,07,172.28.83.113,7
Thu,07,172.28.85.145,8
Thu,07,172.31.124.1,28
Thu,08,10.161.32.87,4480
Thu,08,10.161.38.190,32
Thu,08,10.161.46.152,11
Thu,08,10.161.54.255,383
Thu,08,10.168.56.49,1216
Thu,08,172.28.83.113,2
Thu,08,172.31.124.1,20
Thu,08,172.31.74.120,4
Thu,09,10.1.16.100,8
Thu,09,10.161.32.87,4567
Thu,09,10.161.38.190,60
Thu,09,10.161.46.152,40
Thu,09,10.161.54.255,480
Thu,09,10.168.56.49,1169
Thu,09,172.30.5.171,2
Thu,09,172.30.5.36,3
Thu,09,172.31.124.1,32
Thu,09,172.31.74.120,24
Thu,10,-,19
Thu,10,10.161.32.87,3813
Thu,10,10.161.38.190,120
Thu,10,10.161.46.152,100
Thu,10,10.161.54.255,482
Thu,10,10.168.56.49,885
Thu,10,172.30.5.67,2
Thu,10,172.30.6.137,1
Thu,10,172.31.124.1,241
Thu,10,172.31.124.31,1
Thu,10,172.31.74.120,320
Thu,11,10.1.16.100,12
Thu,11,10.161.32.87,4633
Thu,11,10.161.38.190,52
Thu,11,10.161.46.152,35
Thu,11,10.161.54.255,438
Thu,11,10.168.56.49,1177
Thu,11,172.28.69.82,4
Thu,11,172.30.5.174,1
Thu,11,172.30.5.67,1
Thu,11,172.31.124.1,100
Thu,11,172.31.124.31,2
Thu,11,172.31.74.120,208
Thu,12,-,52
Thu,12,10.161.32.87,3924
Thu,12,10.161.38.190,193
Thu,12,10.161.46.152,298
Thu,12,10.161.54.255,183
Thu,12,10.168.56.49,933
Thu,12,172.31.124.1,347
Thu,12,172.31.124.31,1
Thu,12,172.31.74.120,544
Thu,12,172.31.80.8,80
Thu,12,172.31.82.35,4
Thu,13,10.1.16.100,4
Thu,13,10.161.32.87,3996
Thu,13,10.161.38.190,166
Thu,13,10.161.46.152,63
Thu,13,10.161.54.255,508
Thu,13,10.168.56.49,1084
Thu,13,172.30.5.36,3
Thu,13,172.30.5.67,1
Thu,13,172.31.124.1,128
Thu,13,172.31.69.1,32
Thu,13,172.31.74.120,188
Thu,14,10.161.32.87,4128
Thu,14,10.161.38.190,112
Thu,14,10.161.46.152,48
Thu,14,10.161.54.255,513
Thu,14,10.168.56.49,1080
Thu,14,172.30.5.36,4
Thu,14,172.31.124.1,200
Thu,14,172.31.74.120,148
Thu,15,-,3
Thu,15,10.1.16.100,8
Thu,15,10.161.32.87,4392
Thu,15,10.161.38.190,28
Thu,15,10.161.46.152,36
Thu,15,10.161.54.255,458
Thu,15,10.168.56.49,1044
Thu,15,172.30.5.36,1
Thu,15,172.31.124.1,172
Thu,15,172.31.74.120,260
Thu,16,10.161.32.87,4640
Thu,16,10.161.38.190,24
Thu,16,10.161.46.152,36
Thu,16,10.161.54.255,478
Thu,16,10.168.56.49,1169
Thu,16,172.31.124.1,53
Thu,16,172.31.74.120,48
Thu,17,10.161.32.87,4788
Thu,17,10.161.38.190,62
Thu,17,10.161.54.255,426
Thu,17,10.168.56.49,1240
Thu,17,172.30.5.36,1
Thu,17,172.31.124.1,72
Thu,17,172.31.74.120,24
Thu,18,10.161.32.87,4739
Thu,18,10.161.38.190,68
Thu,18,10.161.46.152,92
Thu,18,10.161.54.255,301
Thu,18,10.168.56.49,600
Thu,18,172.31.124.1,4
Thu,18,172.31.74.120,76
Thu,19,-,27
Thu,19,10.161.32.87,4074
Thu,19,10.161.38.190,214
Thu,19,10.161.46.152,158
Thu,19,10.161.54.255,178
Thu,19,10.168.56.49,280
Thu,19,172.29.80.7,32
Thu,19,172.30.4.122,4
Thu,19,172.31.124.1,299
Thu,19,172.31.74.120,376
Thu,20,-,11
Thu,20,10.161.32.87,4473
Thu,20,10.161.38.190,8
Thu,20,10.161.46.152,140
Thu,20,10.161.54.255,156
Thu,20,10.168.56.49,1104
Thu,20,172.31.124.1,237
Thu,20,172.31.74.120,48
Thu,20,172.31.80.8,78
Thu,21,-,21
Thu,21,10.161.32.87,4744
Thu,21,10.161.46.152,285
Thu,21,10.161.54.255,124
Thu,21,10.168.56.49,1208
Thu,21,172.28.92.63,3
Thu,21,172.30.5.189,1
Thu,21,172.31.124.1,208
Thu,21,172.31.124.31,6
Thu,21,172.31.74.120,276
Thu,21,172.31.74.28,4
Thu,21,172.31.80.8,26
Thu,21,172.31.82.35,4
Thu,22,-,15
Thu,22,10.161.32.87,197
Thu,22,10.161.38.190,111
Thu,22,10.161.46.152,71
Thu,22,10.161.54.255,103
Thu,22,172.28.92.63,1
Thu,22,172.29.80.7,4
Thu,22,172.31.124.1,145
Thu,22,172.31.124.31,2
Thu,22,172.31.74.120,311
Thu,23,-,17
Thu,23,10.161.38.190,209
Thu,23,10.161.46.152,74
Thu,23,10.161.54.255,44
Thu,23,172.31.124.1,64
Thu,23,172.31.74.120,324
Tue,00,10.161.38.190,63
Tue,00,10.161.54.255,96
Tue,00,172.31.124.1,210
Tue,00,172.31.69.1,16
Tue,00,172.31.74.120,20
Tue,01,10.161.38.190,23
Tue,01,10.161.54.255,96
Tue,01,172.31.124.1,88
Tue,01,172.31.80.8,10
Tue,02,10.161.32.87,4308
Tue,02,10.161.38.190,49
Tue,02,10.161.54.255,100
Tue,02,10.168.56.49,1101
Tue,02,172.31.124.1,397
Tue,02,172.31.80.8,48
Tue,03,10.161.32.87,4780
Tue,03,10.161.54.255,101
Tue,03,10.168.56.49,1197
Tue,03,172.31.124.1,11
Tue,03,172.31.80.8,2
Tue,04,-,27
Tue,04,10.161.32.87,4751
Tue,04,10.161.38.190,30
Tue,04,10.161.46.152,336
Tue,04,10.161.54.255,122
Tue,04,10.168.56.49,1196
Tue,04,172.31.74.28,2
Tue,05,10.161.32.87,4708
Tue,05,10.161.38.190,9
Tue,05,10.161.54.255,125
Tue,05,10.168.56.49,1197
Tue,05,10.169.60.142,9
Tue,05,172.30.4.122,8
Tue,05,172.31.124.1,2
Tue,05,172.31.74.120,56
Tue,06,10.161.32.87,4810
Tue,06,10.161.46.152,11
Tue,06,10.161.54.255,118
Tue,06,10.168.56.49,1229
Tue,06,172.28.85.145,1
Tue,06,172.28.85.21,3
Tue,06,172.30.4.122,3
Tue,06,172.31.124.1,4
Tue,06,172.31.74.120,20
Tue,07,10.161.32.87,4587
Tue,07,10.161.38.190,9
Tue,07,10.161.46.152,4
Tue,07,10.161.54.255,138
Tue,07,10.168.56.49,1199
Tue,07,172.28.83.113,6
Tue,07,172.28.85.145,2
Tue,07,172.31.124.1,21
Tue,08,10.161.32.87,4479
Tue,08,10.161.38.190,26
Tue,08,10.161.46.152,7
Tue,08,10.161.54.255,381
Tue,08,10.168.56.49,1182
Tue,08,172.28.83.113,1
Tue,08,172.30.5.67,4
Tue,08,172.31.124.1,15
Tue,08,172.31.124.31,2
Tue,08,172.31.74.120,4
Tue,09,10.1.16.100,8
Tue,09,10.161.32.87,4598
Tue,09,10.161.38.190,47
Tue,09,10.161.46.152,36
Tue,09,10.161.54.255,410
Tue,09,10.168.56.49,1169
Tue,09,172.30.5.36,2
Tue,09,172.31.124.1,24
Tue,09,172.31.74.120,18
Tue,10,-,14
Tue,10,10.161.32.87,3953
Tue,10,10.161.38.190,92
Tue,10,10.161.46.152,70
Tue,10,10.161.54.255,387
Tue,10,10.168.56.49,928
Tue,10,172.31.124.1,182
Tue,10,172.31.74.120,240
Tue,11,10.1.16.100,12
Tue,11,10.161.32.87,4562
Tue,11,10.161.38.190,41
Tue,11,10.161.46.152,35
Tue,11,10.161.54.255,375
Tue,11,10.168.56.49,1140
Tue,11,172.28.69.82,3
Tue,11,172.31.124.1,75
Tue,11,172.31.74.120,156
Tue,12,-,42
Tue,12,10.161.32.87,4129
Tue,12,10.161.38.190,148
Tue,12,10.161.46.152,237
Tue,12,10.161.54.255,174
Tue,12,10.168.56.49,1006
Tue,12,172.31.124.1,261
Tue,12,172.31.124.31,1
Tue,12,172.31.74.120,408
Tue,12,172.31.80.8,60
Tue,12,172.31.82.35,3
Tue,13,10.1.16.100,4
Tue,13,10.161.32.87,4246
Tue,13,10.161.38.190,124
Tue,13,10.161.46.152,46
Tue,13,10.161.54.255,342
Tue,13,10.168.56.49,1124
Tue,13,172.31.124.1,96
Tue,13,172.31.69.1,24
Tue,13,172.31.74.120,141
Tue,14,10.161.32.87,4405
Tue,14,10.161.38.190,82
Tue,14,10.161.46.152,46
Tue,14,10.161.54.255,416
Tue,14,10.168.56.49,1097
Tue,14,172.31.124.1,150
Tue,14,172.31.74.120,111
Tue,15,-,2
Tue,15,10.1.16.100,8
Tue,15,10.161.32.87,4382
Tue,15,10.161.38.190,23
Tue,15,10.161.46.152,19
Tue,15,10.161.54.255,310
Tue,15,10.168.56.49,1192
Tue,15,172.30.5.67,1
Tue,15,172.31.124.1,129
Tue,15,172.31.74.120,195
Tue,16,10.161.32.87,4746
Tue,16,10.161.38.190,20
Tue,16,10.161.46.152,33
Tue,16,10.161.54.255,454
Tue,16,10.168.56.49,1168
Tue,16,172.30.5.67,2
Tue,16,172.31.124.1,41
Tue,16,172.31.124.31,3
Tue,16,172.31.74.120,36
Tue,17,10.161.32.87,4722
Tue,17,10.161.38.190,50
Tue,17,10.161.54.255,337
Tue,17,10.168.56.49,1228
Tue,17,172.30.5.40,2
Tue,17,172.31.124.1,54
Tue,17,172.31.74.120,18
Tue,18,10.161.32.87,4647
Tue,18,10.161.38.190,68
Tue,18,10.161.46.152,92
Tue,18,10.161.54.255,322
Tue,18,10.168.56.49,791
Tue,18,172.30.6.96,1
Tue,18,172.31.124.1,3
Tue,18,172.31.74.120,57
Tue,19,-,23
Tue,19,10.161.32.87,4337
Tue,19,10.161.38.190,165
Tue,19,10.161.46.152,126
Tue,19,10.161.54.255,154
Tue,19,10.168.56.49,494
Tue,19,172.29.80.7,27
Tue,19,172.30.4.122,3
Tue,19,172.30.5.40,1
Tue,19,172.31.124.1,219
Tue,19,172.31.74.120,252
Tue,20,-,8
Tue,20,10.161.32.87,4524
Tue,20,10.161.38.190,63
Tue,20,10.161.46.152,82
Tue,20,10.161.54.255,149
Tue,20,10.168.56.49,1292
Tue,20,172.26.245.129,3
Tue,20,172.31.124.1,174
Tue,20,172.31.74.120,67
Tue,20,172.31.80.8,52
Tue,21,-,11
Tue,21,10.161.32.87,4716
Tue,21,10.161.46.152,188
Tue,21,10.161.54.255,123
Tue,21,10.168.56.49,1371
Tue,21,172.28.92.63,3
Tue,21,172.30.5.189,2
Tue,21,172.31.124.1,114
Tue,21,172.31.124.31,5
Tue,21,172.31.74.120,211
Tue,21,172.31.74.28,3
Tue,21,172.31.80.8,26
Tue,21,172.31.82.35,3
Tue,22,-,16
Tue,22,10.161.32.87,447
Tue,22,10.161.38.190,59
Tue,22,10.161.46.152,92
Tue,22,10.161.54.255,100
Tue,22,10.168.56.49,165
Tue,22,172.29.80.7,2
Tue,22,172.30.6.96,1
Tue,22,172.31.124.1,110
Tue,22,172.31.124.31,2
Tue,22,172.31.74.120,173
Tue,23,-,8
Tue,23,10.161.38.190,284
Tue,23,10.161.46.152,36
Tue,23,10.161.54.255,43
Tue,23,10.168.56.49,155
Tue,23,172.26.245.129,1
Tue,23,172.31.124.1,61
Tue,23,172.31.74.120,212
Wed,00,10.161.38.190,165
Wed,00,10.161.54.255,97
Wed,00,10.168.56.49,160
Wed,00,172.26.241.179,3
Wed,00,172.26.244.11,4
Wed,00,172.26.245.129,1
Wed,00,172.29.80.7,1
Wed,00,172.31.124.1,331
Wed,00,172.31.69.1,16
Wed,00,172.31.74.120,114
Wed,01,10.161.38.190,31
Wed,01,10.161.54.255,96
Wed,01,10.168.56.49,165
Wed,01,172.31.124.1,166
Wed,01,172.31.80.8,18
Wed,02,10.161.32.87,4153
Wed,02,10.161.38.190,67
Wed,02,10.161.54.255,100
Wed,02,10.168.56.49,1215
Wed,02,172.31.124.1,596
Wed,02,172.31.80.8,72
Wed,03,10.161.32.87,4766
Wed,03,10.161.46.152,1
Wed,03,10.161.54.255,105
Wed,03,10.168.56.49,1361
Wed,03,172.31.124.1,12
Wed,04,-,52
Wed,04,10.161.32.87,4783
Wed,04,10.161.38.190,40
Wed,04,10.161.46.152,545
Wed,04,10.161.54.255,127
Wed,04,10.168.56.49,1365
Wed,04,172.31.74.28,3
Wed,05,10.161.32.87,4730
Wed,05,10.161.38.190,12
Wed,05,10.161.54.255,131
Wed,05,10.168.56.49,1364
Wed,05,10.169.60.142,12
Wed,05,172.30.4.122,12
Wed,05,172.31.124.1,3
Wed,05,172.31.74.120,84
Wed,06,-,1
Wed,06,10.161.32.87,4770
Wed,06,10.161.46.152,11
Wed,06,10.161.54.255,121
Wed,06,10.168.56.49,1402
Wed,06,172.28.85.21,3
Wed,06,172.30.4.122,4
Wed,06,172.31.124.1,6
Wed,06,172.31.74.120,30
Wed,07,10.161.32.87,4543
Wed,07,10.161.38.190,12
Wed,07,10.161.46.152,4
Wed,07,10.161.54.255,155
Wed,07,10.168.56.49,1357
Wed,07,172.28.83.113,10
Wed,07,172.28.85.145,3
Wed,07,172.31.124.1,28
Wed,08,-,2
Wed,08,10.161.32.87,4483
Wed,08,10.161.38.190,32
Wed,08,10.161.46.152,10
Wed,08,10.161.54.255,414
Wed,08,10.168.56.49,1356
Wed,08,172.30.5.67,2
Wed,08,172.31.124.1,20
Wed,08,172.31.74.120,4
Wed,09,10.1.16.100,8
Wed,09,10.161.32.87,4546
Wed,09,10.161.38.190,63
Wed,09,10.161.46.152,40
Wed,09,10.161.54.255,438
Wed,09,10.168.56.49,1337
Wed,09,172.30.5.36,1
Wed,09,172.31.124.1,32
Wed,09,172.31.74.120,24
Wed,10,-,19
Wed,10,10.161.32.87,3874
Wed,10,10.161.38.190,120
Wed,10,10.161.46.152,88
Wed,10,10.161.54.255,464
Wed,10,10.168.56.49,1046
Wed,10,172.30.5.36,3
Wed,10,172.31.124.1,241
Wed,10,172.31.74.120,320
Wed,11,10.1.16.100,12
Wed,11,10.161.32.87,4585
Wed,11,10.161.38.190,52
Wed,11,10.161.46.152,38
Wed,11,10.161.54.255,465
Wed,11,10.168.56.49,1167
Wed,11,172.28.69.82,4
Wed,11,172.31.124.1,100
Wed,11,172.31.74.120,208
Wed,12,-,48
Wed,12,10.161.32.87,3860
Wed,12,10.161.38.190,195
Wed,12,10.161.46.152,300
Wed,12,10.161.54.255,198
Wed,12,10.168.56.49,912
Wed,12,172.31.124.1,349
Wed,12,172.31.74.120,544
Wed,12,172.31.80.8,80
Wed,12,172.31.82.35,4
Wed,13,10.1.16.100,4
Wed,13,10.161.32.87,4117
Wed,13,10.161.38.190,163
Wed,13,10.161.46.152,56
Wed,13,10.161.54.255,448
Wed,13,10.168.56.49,1114
Wed,13,172.30.6.96,2
Wed,13,172.31.124.1,128
Wed,13,172.31.69.1,24
Wed,13,172.31.74.120,188
Wed,14,10.161.32.87,4192
Wed,14,10.161.38.190,108
Wed,14,10.161.46.152,56
Wed,14,10.161.54.255,533
Wed,14,10.168.56.49,1087
Wed,14,172.28.92.63,1
Wed,14,172.30.5.36,1
Wed,14,172.31.124.1,200
Wed,14,172.31.69.1,8
Wed,14,172.31.74.120,148
Wed,15,10.1.16.100,8
Wed,15,10.161.32.87,4226
Wed,15,10.161.38.190,28
Wed,15,10.161.46.152,23
Wed,15,10.161.54.255,406
Wed,15,10.168.56.49,1037
Wed,15,172.31.124.1,172
Wed,15,172.31.74.120,260
Wed,16,10.161.32.87,4624
Wed,16,10.161.38.190,24
Wed,16,10.161.46.152,35
Wed,16,10.161.54.255,529
Wed,16,10.168.56.49,1187
Wed,16,172.30.5.36,1
Wed,16,172.31.124.1,53
Wed,16,172.31.74.120,48
Wed,17,10.161.32.87,4578
Wed,17,10.161.38.190,60
Wed,17,10.161.54.255,318
Wed,17,10.168.56.49,1229
Wed,17,172.31.124.1,72
Wed,17,172.31.74.120,24
Wed,18,10.161.32.87,4656
Wed,18,10.161.38.190,68
Wed,18,10.161.46.152,92
Wed,18,10.161.54.255,253
Wed,18,10.168.56.49,685
Wed,18,172.31.124.1,4
Wed,18,172.31.74.120,76
Wed,19,-,28
Wed,19,10.161.32.87,4075
Wed,19,10.161.38.190,214
Wed,19,10.161.46.152,154
Wed,19,10.161.54.255,179
Wed,19,10.168.56.49,279
Wed,19,172.29.80.7,32
Wed,19,172.30.4.122,4
Wed,19,172.31.124.1,300
Wed,19,172.31.74.120,376
Wed,20,-,12
Wed,20,10.161.32.87,4448
Wed,20,10.161.38.190,8
Wed,20,10.161.46.152,160
Wed,20,10.161.54.255,150
Wed,20,10.168.56.49,1108
Wed,20,172.31.124.1,239
Wed,20,172.31.74.120,48
Wed,20,172.31.80.8,130
Wed,21,-,12
Wed,21,10.161.32.87,4781
Wed,21,10.161.46.152,198
Wed,21,10.161.54.255,127
Wed,21,10.168.56.49,1206
Wed,21,172.28.92.63,4
Wed,21,172.30.5.189,1
Wed,21,172.31.124.1,137
Wed,21,172.31.124.31,7
Wed,21,172.31.74.120,271
Wed,21,172.31.74.28,4
Wed,21,172.31.82.35,3
Wed,22,-,27
Wed,22,10.161.32.87,160
Wed,22,10.161.38.190,91
Wed,22,10.161.46.152,126
Wed,22,10.161.54.255,101
Wed,22,10.168.56.49,57
Wed,22,172.29.80.7,3
Wed,22,172.31.124.1,167
Wed,22,172.31.124.31,2
Wed,22,172.31.74.120,225
Wed,23,-,6
Wed,23,10.161.38.190,374
Wed,23,10.161.46.152,34
Wed,23,10.161.54.255,44
Wed,23,172.26.241.170,2
Wed,23,172.26.241.179,2
Wed,23,172.26.244.11,1
Wed,23,172.26.245.129,3
Wed,23,172.30.6.96,2
Wed,23,172.31.124.1,76
Wed,23,172.31.74.120,304
